respondent_id,gender,age_group,tenure_group,education_level,employment_type,department,PSS_1,PSS_2,PSS_3,PSS_4,PSS_5,PSS_6,BO_1,BO_2,BO_3,BO_4,BO_5,BO_6,ITL_1,ITL_2,ITL_3,ITL_4
R001,Male,30–39,6–10 years,Master's degree,Permanent,IT & Systems,3.0,3,4,2.0,3.0,2,4.0,5.0,4.0,4.0,5.0,4.0,1,2.0,1.0,1.0
R002,Female,40–49,Less than 2 years,Honours,Permanent,Administration,2.0,3,2,2.0,2.0,2,4.0,,4.0,4.0,5.0,4.0,1,3.0,2.0,2.0
R003,Female,40–49,2–5 years,Master's degree,Permanent,Administration,3.0,3,3,3.0,3.0,4,3.0,3.0,3.0,3.0,3.0,3.0,1,2.0,1.0,1.0
R004,Female,Under 30,Less than 2 years,Master's degree,Contract,Finance,3.0,3,3,3.0,2.0,2,4.0,4.0,4.0,3.0,5.0,5.0,3,3.0,3.0,3.0
R005,Male,Under 30,Less than 2 years,Doctoral degree,Permanent,Legal & Compliance,2.0,2,2,2.0,2.0,2,4.0,5.0,5.0,4.0,5.0,5.0,3,4.0,3.0,3.0
R006,Male,40–49,More than 10 years,Bachelor's degree,Permanent,Service Delivery,4.0,3,3,4.0,2.0,3,3.0,2.0,2.0,3.0,2.0,3.0,1,1.0,1.0,1.0
R007,Male,Under 30,2–5 years,Master's degree,Contract,Legal & Compliance,3.0,3,3,2.0,3.0,3,4.0,4.0,5.0,4.0,3.0,5.0,3,2.0,2.0,2.0
R008,Female,40–49,More than 10 years,Bachelor's degree,Contract,Human Resources,2.0,2,2,3.0,2.0,2,5.0,4.0,5.0,4.0,5.0,4.0,2,2.0,3.0,2.0
R009,Female,50 and above,2–5 years,Honours,Permanent,Administration,4.0,5,5,5.0,5.0,5,2.0,2.0,2.0,2.0,2.0,2.0,1,1.0,1.0,1.0
R010,Female,40–49,6–10 years,Honours,Contract,IT & Systems,3.0,3,3,2.0,3.0,3,2.0,3.0,3.0,3.0,3.0,3.0,1,1.0,2.0,1.0
R011,Male,30–39,More than 10 years,Master's degree,Permanent,Human Resources,4.0,3,4,3.0,3.0,3,3.0,3.0,3.0,4.0,3.0,3.0,2,1.0,1.0,1.0
R012,Female,40–49,6–10 years,Doctoral degree,Permanent,Service Delivery,4.0,4,4,4.0,4.0,4,2.0,2.0,2.0,2.0,2.0,2.0,1,1.0,1.0,1.0
R013,Female,30–39,6–10 years,Master's degree,Permanent,Administration,4.0,4,3,3.0,3.0,4,3.0,3.0,4.0,2.0,2.0,3.0,1,2.0,1.0,1.0
R014,Male,30–39,2–5 years,Bachelor's degree,Permanent,Human Resources,2.0,2,1,2.0,2.0,1,4.0,5.0,4.0,4.0,4.0,4.0,2,2.0,2.0,3.0
R015,Male,50 and above,2–5 years,Bachelor's degree,Permanent,Administration,3.0,2,2,2.0,2.0,3,5.0,5.0,4.0,5.0,5.0,5.0,1,2.0,2.0,1.0
R016,Male,30–39,More than 10 years,Honours,Contract,Finance,3.0,3,3,3.0,3.0,4,4.0,4.0,3.0,5.0,3.0,4.0,1,1.0,1.0,1.0
R017,Male,50 and above,More than 10 years,Bachelor's degree,Permanent,Service Delivery,2.0,4,3,3.0,3.0,3,3.0,3.0,4.0,3.0,4.0,3.0,1,2.0,1.0,2.0
R018,Female,50 and above,More than 10 years,Bachelor's degree,Permanent,Human Resources,2.0,2,6,2.0,2.0,3,5.0,5.0,4.0,4.0,4.0,5.0,1,1.0,2.0,1.0
R019,Male,30–39,Less than 2 years,Bachelor's degree,Permanent,Finance,5.0,5,4,5.0,4.0,5,2.0,1.0,2.0,2.0,1.0,1.0,1,1.0,2.0,1.0
R020,Male,Under 30,6–10 years,Bachelor's degree,Contract,Human Resources,4.0,3,3,4.0,4.0,3,3.0,3.0,4.0,4.0,3.0,2.0,2,2.0,2.0,2.0
R021,Female,Under 30,More than 10 years,Bachelor's degree,Permanent,Human Resources,4.0,4,4,4.0,4.0,3,4.0,3.0,4.0,4.0,4.0,4.0,2,2.0,2.0,3.0
R022,Male,Under 30,2–5 years,Bachelor's degree,Permanent,Service Delivery,3.0,3,3,3.0,3.0,3,3.0,2.0,3.0,3.0,3.0,3.0,1,2.0,1.0,1.0
R023,Male,Under 30,Less than 2 years,Diploma,Permanent,Legal & Compliance,2.0,3,2,3.0,3.0,2,3.0,3.0,3.0,4.0,4.0,3.0,2,1.0,1.0,2.0
R024,Male,40–49,6–10 years,Diploma,Permanent,Legal & Compliance,3.0,2,2,2.0,2.0,3,3.0,4.0,4.0,4.0,3.0,4.0,2,1.0,2.0,2.0
R025,Female,Under 30,6–10 years,Doctoral degree,Casual,Service Delivery,2.0,2,2,2.0,3.0,2,4.0,3.0,4.0,3.0,4.0,4.0,2,1.0,1.0,1.0
R026,Female,30–39,More than 10 years,Bachelor's degree,Casual,Finance,3.0,3,3,2.0,3.0,3,3.0,3.0,3.0,3.0,3.0,3.0,1,1.0,1.0,1.0
R027,Male,40–49,Less than 2 years,Bachelor's degree,Permanent,Service Delivery,3.0,3,3,2.0,3.0,3,3.0,5.0,3.0,4.0,3.0,3.0,1,2.0,1.0,1.0
R028,Female,Under 30,More than 10 years,Honours,Casual,Human Resources,5.0,4,5,3.0,3.0,3,3.0,2.0,2.0,2.0,2.0,2.0,1,1.0,1.0,1.0
R029,Female,40–49,2–5 years,Bachelor's degree,Permanent,Finance,3.0,3,3,3.0,3.0,3,3.0,4.0,3.0,3.0,4.0,4.0,2,1.0,3.0,1.0
R030,Male,30–39,2–5 years,Master's degree,Contract,Service Delivery,2.0,2,2,2.0,2.0,2,4.0,5.0,5.0,5.0,4.0,4.0,3,2.0,3.0,3.0
R031,Female,Under 30,2–5 years,Master's degree,Permanent,Administration,3.0,3,3,3.0,3.0,3,3.0,3.0,4.0,3.0,2.0,3.0,1,1.0,1.0,1.0
R032,female,40–49,More than 10 years,Diploma,Permanent,Legal & Compliance,4.0,5,5,5.0,4.0,5,3.0,3.0,2.0,2.0,2.0,3.0,2,1.0,1.0,
R033,Male,40–49,6–10 years,Bachelor's degree,Permanent,Human Resources,2.0,2,2,2.0,2.0,2,5.0,4.0,4.0,4.0,4.0,4.0,1,2.0,1.0,3.0
R034,Female,50 and above,6–10 years,Master's degree,Permanent,IT & Systems,3.0,2,3,3.0,2.0,3,4.0,5.0,4.0,3.0,3.0,4.0,2,2.0,2.0,3.0
R035,Female,40–49,2–5 years,Master's degree,Permanent,Service Delivery,3.0,4,3,4.0,3.0,4,3.0,3.0,3.0,3.0,2.0,2.0,1,1.0,1.0,1.0
R036,Female,40–49,More than 10 years,Honours,Permanent,Legal & Compliance,4.0,4,4,5.0,4.0,4,3.0,3.0,3.0,3.0,3.0,3.0,1,1.0,2.0,1.0
R037,Male,30–39,2–5 years,Honours,Permanent,IT & Systems,3.0,3,3,3.0,2.0,2,3.0,2.0,3.0,3.0,3.0,3.0,2,1.0,2.0,1.0
R038,Male,Under 30,More than 10 years,Bachelor's degree,Permanent,IT & Systems,1.0,3,3,2.0,3.0,2,4.0,4.0,4.0,4.0,4.0,5.0,1,1.0,1.0,2.0
R039,Female,40–49,2–5 years,Doctoral degree,Permanent,Administration,5.0,5,5,5.0,4.0,4,2.0,3.0,2.0,2.0,2.0,2.0,1,1.0,1.0,1.0
R040,Female,40–49,2–5 years,Bachelor's degree,Permanent,IT & Systems,3.0,3,3,3.0,3.0,3,3.0,3.0,3.0,4.0,4.0,4.0,1,1.0,1.0,1.0
R041,Male,50 and above,6–10 years,Master's degree,Casual,Administration,2.0,2,3,2.0,2.0,2,3.0,4.0,3.0,4.0,3.0,4.0,1,1.0,1.0,1.0
R042,Female,30–39,2–5 years,Honours,Permanent,Service Delivery,3.0,3,4,4.0,4.0,5,3.0,3.0,3.0,3.0,3.0,2.0,1,1.0,2.0,1.0
R043,Male,30–39,6–10 years,Honours,Permanent,IT & Systems,2.0,3,2,2.0,3.0,3,4.0,4.0,3.0,4.0,5.0,3.0,1,1.0,1.0,1.0
R044,Female,40–49,6–10 years,Honours,Permanent,Service Delivery,4.0,3,4,3.0,4.0,4,1.0,1.0,1.0,2.0,2.0,2.0,1,1.0,1.0,1.0
R045,Male,30–39,2–5 years,Bachelor's degree,Contract,Administration,3,3,3,3,3,3,3,3,3,3,3,3,3,3,3,3
R046,Female,50 and above,More than 10 years,Bachelor's degree,Permanent,Administration,4.0,3,2,3.0,3.0,3,3.0,3.0,2.0,2.0,3.0,3.0,1,1.0,1.0,1.0
R047,Male,40–49,2–5 years,Bachelor's degree,Permanent,Service Delivery,3.0,4,3,3.0,3.0,4,4.0,3.0,4.0,4.0,4.0,3.0,1,1.0,1.0,1.0
R048,Female,30–39,6–10 years,Bachelor's degree,Contract,Administration,4.0,5,4,3.0,4.0,4,2.0,2.0,2.0,2.0,2.0,3.0,1,1.0,1.0,1.0
R049,Female,40–49,More than 10 years,Master's degree,Casual,Administration,2.0,2,2,2.0,3.0,2,4.0,4.0,4.0,3.0,4.0,4.0,2,2.0,2.0,2.0
R050,Male,40–49,6–10 years,Bachelor's degree,Permanent,Administration,2.0,2,2,1.0,2.0,2,5.0,4.0,5.0,5.0,4.0,4.0,2,3.0,3.0,3.0
R051,Female,Under 30,Less than 2 years,Diploma,Permanent,Legal & Compliance,4.0,5,4,5.0,4.0,4,3.0,2.0,2.0,2.0,2.0,2.0,1,2.0,1.0,1.0
R052,Female,50 and above,More than 10 years,Doctoral degree,Permanent,Service Delivery,2.0,3,2,2.0,2.0,2,4.0,4.0,4.0,4.0,4.0,3.0,2,2.0,2.0,2.0
R053,Female,30–39,6–10 years,Master's degree,Contract,Finance,3.0,2,2,3.0,3.0,3,3.0,0.0,3.0,3.0,3.0,3.0,1,1.0,1.0,1.0
R054,Female,40–49,2–5 years,Master's degree,Permanent,Finance,4.0,3,3,4.0,4.0,3,,3.0,2.0,3.0,2.0,4.0,2,2.0,1.0,1.0
R055,Female,30–39,Less than 2 years,Doctoral degree,Permanent,Finance,3.0,4,4,4.0,3.0,4,2.0,2.0,2.0,3.0,1.0,2.0,1,1.0,1.0,1.0
R056,Female,50 and above,More than 10 years,Bachelor's degree,Contract,Service Delivery,3.0,4,4,3.0,4.0,3,2.0,1.0,2.0,2.0,1.0,1.0,1,1.0,1.0,1.0
R057,Male,30–39,6–10 years,Bachelor's degree,Permanent,Service Delivery,4.0,5,4,5.0,5.0,4,2.0,2.0,2.0,2.0,2.0,2.0,1,1.0,2.0,1.0
R058,Male,Under 30,6–10 years,Master's degree,Permanent,Administration,4.0,5,4,4.0,5.0,4,1.0,1.0,1.0,1.0,1.0,1.0,1,1.0,1.0,1.0
R059,Male,50 and above,More than 10 years,Honours,Permanent,Administration,3.0,2,3,3.0,2.0,3,3.0,3.0,4.0,3.0,3.0,3.0,1,1.0,1.0,1.0
R060,Male,Under 30,More than 10 years,Bachelor's degree,Permanent,Administration,3.0,2,3,3.0,2.0,3,4.0,4.0,3.0,3.0,2.0,3.0,1,1.0,1.0,1.0
R061,Male,30–39,Less than 2 years,Master's degree,Permanent,Service Delivery,3.0,3,3,2.0,2.0,3,5.0,4.0,5.0,4.0,4.0,4.0,1,1.0,1.0,1.0
R062,Male,50 and above,2–5 years,Bachelor's degree,Permanent,Service Delivery,3.0,2,2,2.0,3.0,3,4.0,3.0,3.0,4.0,4.0,4.0,1,2.0,2.0,1.0
R063,Female,50 and above,2–5 years,Bachelor's degree,Permanent,Finance,4.0,3,4,4.0,3.0,4,3.0,2.0,2.0,3.0,2.0,3.0,1,1.0,1.0,2.0
R064,Male,40–49,6–10 years,Honours,Permanent,Administration,3.0,2,1,2.0,2.0,2,4.0,5.0,5.0,5.0,4.0,5.0,2,2.0,1.0,2.0
R065,Male,40–49,Less than 2 years,Honours,Casual,Administration,3.0,3,4,3.0,4.0,2,2.0,3.0,3.0,3.0,3.0,3.0,1,1.0,1.0,
R066,Female,30–39,6–10 years,Honours,Permanent,Legal & Compliance,3.0,3,3,3.0,3.0,3,4.0,3.0,3.0,4.0,3.0,4.0,1,2.0,2.0,1.0
R067,Male,30–39,More than 10 years,Diploma,Casual,Finance,2.0,3,3,3.0,3.0,3,4.0,3.0,4.0,3.0,3.0,4.0,1,1.0,1.0,2.0
R068,Female,30–39,More than 10 years,Master's degree,Permanent,Service Delivery,4.0,4,4,4.0,4.0,4,2.0,2.0,2.0,2.0,2.0,2.0,1,2.0,1.0,1.0
R069,Male,40–49,2–5 years,Bachelor's degree,Contract,IT & Systems,3.0,2,3,2.0,2.0,2,4.0,4.0,4.0,4.0,4.0,4.0,2,2.0,1.0,2.0
R070,Female,40–49,More than 10 years,Bachelor's degree,Contract,Human Resources,4.0,4,4,4.0,4.0,4,3.0,2.0,3.0,2.0,3.0,2.0,1,1.0,1.0,1.0
R071,Female,40–49,Less than 2 years,Master's degree,Permanent,Administration,2.0,3,2,2.0,3.0,3,3.0,3.0,3.0,3.0,3.0,3.0,1,1.0,1.0,2.0
R072,Male,40–49,More than 10 years,Doctoral degree,Contract,Administration,4.0,5,5,4.0,4.0,5,3.0,2.0,2.0,1.0,4.0,2.0,1,1.0,2.0,1.0
R073,Male,Under 30,Less than 2 years,Master's degree,Contract,IT & Systems,5.0,5,5,5.0,5.0,5,2.0,1.0,2.0,1.0,2.0,2.0,1,1.0,1.0,1.0
R074,Female,30–39,2–5 years,Master's degree,Permanent,Service Delivery,2.0,2,2,2.0,2.0,2,5.0,3.0,4.0,4.0,4.0,4.0,2,2.0,3.0,2.0
R075,Female,Under 30,More than 10 years,Honours,Permanent,Service Delivery,5.0,4,5,3.0,4.0,4,3.0,3.0,1.0,3.0,2.0,3.0,2,1.0,1.0,1.0
R076,Female,30–39,Less than 2 years,Honours,Permanent,IT & Systems,3.0,3,3,3.0,3.0,3,3.0,4.0,4.0,4.0,4.0,4.0,1,1.0,1.0,1.0
R077,Female,30–39,2–5 years,Diploma,Contract,Administration,4.0,3,4,4.0,4.0,4,3.0,4.0,3.0,2.0,3.0,3.0,1,2.0,2.0,1.0
R078,Male,50 and above,6–10 years,Bachelor's degree,Contract,Legal & Compliance,3.0,2,2,2.0,1.0,2,3.0,3.0,3.0,3.0,3.0,3.0,1,2.0,2.0,1.0
R079,Male,30–39,6–10 years,Bachelor's degree,Contract,Service Delivery,3,3,3,3,3,3,3,3.0,4.0,3,3,3,3,3,3,3
R080,Male,Under 30,6–10 years,Bachelor's degree,Permanent,Finance,2.0,2,2,3.0,3.0,2,5.0,4.0,4.0,5.0,4.0,4.0,3,3.0,3.0,2.0
R081,Female,Under 30,6–10 years,Honours,Contract,Legal & Compliance,4.0,3,3,3.0,4.0,4,3.0,3.0,3.0,3.0,3.0,3.0,1,1.0,2.0,1.0
R082,Female,40–49,6–10 years,Honours,Permanent,IT & Systems,4.0,4,3,4.0,4.0,3,3.0,3.0,3.0,4.0,3.0,3.0,1,1.0,1.0,1.0
R083,Male,40–49,2–5 years,Diploma,Permanent,IT & Systems,4.0,4,4,4.0,3.0,4,4.0,4.0,5.0,4.0,4.0,4.0,1,1.0,1.0,1.0
R084,Male,Under 30,2–5 years,Bachelor's degree,Permanent,Service Delivery,4.0,4,4,4.0,3.0,4,3.0,3.0,4.0,3.0,3.0,4.0,1,1.0,1.0,1.0
R085,Male,Under 30,2–5 years,Honours,Permanent,Service Delivery,3.0,3,3,4.0,3.0,3,3.0,3.0,3.0,3.0,3.0,4.0,2,2.0,2.0,2.0
R086,Male,40–49,More than 10 years,Diploma,Permanent,Service Delivery,2.0,2,3,3.0,2.0,3,4.0,3.0,5.0,3.0,4.0,5.0,1,2.0,2.0,1.0
R087,Female,Under 30,6–10 years,Master's degree,Permanent,Administration,3.0,2,2,2.0,2.0,2,3.0,3.0,4.0,4.0,3.0,4.0,1,2.0,1.0,1.0
R088,F,40–49,2–5 years,Honours,Permanent,Finance,3.0,3,3,2.0,3.0,4,3.0,3.0,4.0,4.0,3.0,4.0,1,2.0,2.0,2.0
R089,Female,40–49,6–10 years,Honours,Permanent,Legal & Compliance,1.0,2,1,1.0,2.0,1,4.0,4.0,4.0,5.0,4.0,4.0,2,2.0,2.0,2.0
R090,Female,Under 30,More than 10 years,Honours,Permanent,Finance,4.0,3,3,3.0,3.0,2,4.0,4.0,4.0,5.0,4.0,5.0,2,2.0,2.0,2.0
R091,Male,Under 30,Less than 2 years,Master's degree,Permanent,Finance,3.0,3,3,4.0,3.0,3,3.0,3.0,3.0,3.0,2.0,4.0,1,1.0,1.0,2.0
R092,Female,50 and above,6–10 years,Bachelor's degree,Permanent,Human Resources,2.0,2,1,2.0,1.0,1,5.0,5.0,5.0,5.0,5.0,5.0,1,3.0,4.0,2.0
R093,Female,30–39,6–10 years,Honours,Permanent,Human Resources,2.0,1,2,2.0,2.0,2,5.0,4.0,4.0,5.0,4.0,5.0,2,2.0,3.0,3.0
R094,Female,30–39,6–10 years,Honours,Permanent,IT & Systems,3.0,4,3,4.0,3.0,3,3.0,2.0,2.0,3.0,3.0,3.0,1,1.0,1.0,2.0
R095,Female,40–49,Less than 2 years,Bachelor's degree,Permanent,Legal & Compliance,4.0,4,5,4.0,4.0,5,3.0,2.0,2.0,2.0,3.0,2.0,2,1.0,1.0,1.0
R096,Female,50 and above,More than 10 years,Master's degree,Permanent,Finance,3.0,3,3,3.0,3.0,4,1.0,2.0,1.0,2.0,1.0,2.0,1,1.0,1.0,1.0
R097,Female,50 and above,More than 10 years,Master's degree,Permanent,Administration,3.0,2,2,3.0,3.0,2,4.0,4.0,4.0,5.0,4.0,5.0,3,3.0,3.0,2.0
R098,Male,40–49,6–10 years,Honours,Permanent,Administration,2.0,2,1,2.0,1.0,1,5.0,5.0,4.0,5.0,5.0,5.0,3,3.0,3.0,2.0
R099,Male,30–39,6–10 years,Master's degree,Permanent,Legal & Compliance,1.0,2,2,2.0,2.0,2,3.0,4.0,4.0,4.0,5.0,4.0,1,2.0,2.0,2.0
R100,Male,Under 30,More than 10 years,Master's degree,Contract,Service Delivery,3.0,3,3,3.0,3.0,3,3.0,3.0,4.0,4.0,3.0,3.0,1,2.0,1.0,2.0
R101,Male,40–49,6–10 years,Honours,Permanent,Finance,2.0,3,2,3.0,2.0,3,4.0,4.0,5.0,5.0,5.0,4.0,1,2.0,1.0,2.0
R102,Female,30–39,Less than 2 years,Master's degree,Permanent,Service Delivery,4.0,4,4,5.0,4.0,4,2.0,2.0,2.0,2.0,2.0,2.0,1,1.0,1.0,2.0
R103,Male,30–39,6–10 years,Honours,Permanent,Service Delivery,3.0,2,3,3.0,2.0,2,3.0,3.0,3.0,4.0,3.0,3.0,1,1.0,2.0,1.0
R104,Female,50 and above,6–10 years,Honours,Permanent,Service Delivery,3.0,3,3,3.0,3.0,3,4.0,4.0,5.0,4.0,4.0,4.0,2,2.0,3.0,3.0
R105,Female,Under 30,2–5 years,Honours,Permanent,Legal & Compliance,2.0,2,3,4.0,3.0,3,4.0,5.0,4.0,4.0,3.0,5.0,2,1.0,1.0,7.0
R106,Male,30–39,6–10 years,Master's degree,Permanent,Finance,4.0,4,3,4.0,3.0,4,3.0,3.0,3.0,3.0,2.0,3.0,2,2.0,2.0,2.0
R107,Male,Under 30,More than 10 years,Bachelor's degree,Permanent,Service Delivery,5.0,4,5,5.0,5.0,4,3.0,2.0,2.0,2.0,2.0,2.0,1,1.0,1.0,1.0
R108,Female,30–39,More than 10 years,Master's degree,Permanent,Human Resources,2.0,1,2,2.0,2.0,1,5.0,5.0,5.0,5.0,4.0,5.0,3,3.0,3.0,3.0
R109,Male,Under 30,2–5 years,Master's degree,Permanent,Service Delivery,4.0,3,4,3.0,4.0,4,2.0,2.0,2.0,2.0,2.0,2.0,1,1.0,1.0,1.0
R110,Male,Under 30,Less than 2 years,Diploma,Contract,Service Delivery,3.0,3,3,3.0,2.0,3,3.0,3.0,3.0,3.0,3.0,4.0,1,1.0,1.0,1.0
R111,Male,Under 30,More than 10 years,Master's degree,Contract,Service Delivery,2.0,2,2,1.0,2.0,2,5.0,4.0,5.0,5.0,4.0,4.0,4,3.0,3.0,3.0
R112,Male,40–49,More than 10 years,Bachelor's degree,Permanent,Service Delivery,2.0,2,2,2.0,1.0,2,5.0,5.0,5.0,5.0,5.0,5.0,2,3.0,3.0,3.0
R113,Female,40–49,Less than 2 years,Bachelor's degree,Casual,Administration,4.0,4,5,4.0,4.0,4,3.0,3.0,3.0,3.0,3.0,3.0,1,1.0,1.0,1.0
R114,Female,40–49,More than 10 years,Honours,Permanent,IT & Systems,2.0,2,3,3.0,3.0,3,3.0,3.0,2.0,3.0,3.0,3.0,1,2.0,1.0,1.0
R115,Female,50 and above,More than 10 years,Bachelor's degree,Permanent,Legal & Compliance,3.0,3,2,3.0,2.0,3,5.0,4.0,5.0,5.0,5.0,5.0,3,2.0,3.0,2.0
R116,Female,30–39,6–10 years,Master's degree,Permanent,Legal & Compliance,5.0,5,5,4.0,5.0,4,2.0,2.0,2.0,1.0,1.0,1.0,1,1.0,1.0,1.0
R117,Female,30–39,6–10 years,Master's degree,Permanent,Administration,3.0,2,2,3.0,2.0,2,3.0,3.0,3.0,4.0,4.0,4.0,1,2.0,1.0,1.0
R118,Male,50 and above,2–5 years,Honours,Contract,Administration,3.0,3,4,3.0,3.0,4,3.0,3.0,3.0,3.0,3.0,3.0,1,1.0,1.0,2.0
R119,Female,30–39,Less than 2 years,Diploma,Permanent,Administration,2.0,3,3,3.0,4.0,3,4.0,3.0,4.0,4.0,4.0,4.0,2,1.0,1.0,2.0
R120,Female,50 and above,2–5 years,Bachelor's degree,Contract,Service Delivery,3.0,3,3,3.0,3.0,4,4.0,4.0,4.0,4.0,3.0,4.0,1,2.0,1.0,2.0
R121,Female,Under 30,More than 10 years,Honours,Permanent,Service Delivery,1.0,2,2,2.0,1.0,1,5.0,5.0,5.0,5.0,5.0,3.0,1,2.0,2.0,2.0
R122,Female,50 and above,Less than 2 years,Doctoral degree,Contract,Administration,2.0,2,3,2.0,2.0,2,5.0,5.0,4.0,4.0,5.0,4.0,3,3.0,3.0,3.0
R123,Male,Under 30,2–5 years,Honours,Permanent,IT & Systems,4.0,4,4,3.0,4.0,4,3.0,2.0,3.0,3.0,3.0,3.0,1,2.0,2.0,1.0
R124,Male,50 and above,2–5 years,Bachelor's degree,Permanent,Service Delivery,5.0,4,4,4.0,4.0,4,3.0,2.0,3.0,3.0,3.0,2.0,1,1.0,1.0,1.0
R125,Male,30–39,6–10 years,Honours,Permanent,Service Delivery,4.0,3,3,4.0,4.0,3,1.0,2.0,1.0,1.0,1.0,2.0,1,1.0,1.0,1.0
R126,Male,50 and above,More than 10 years,Honours,Permanent,IT & Systems,1.0,1,1,2.0,2.0,1,3.0,5.0,4.0,5.0,5.0,4.0,3,4.0,3.0,3.0
R127,Female,Under 30,2–5 years,Master's degree,Permanent,IT & Systems,4.0,4,4,4.0,3.0,4,4.0,2.0,3.0,2.0,2.0,2.0,1,1.0,1.0,2.0
R128,Female,30–39,2–5 years,Bachelor's degree,Permanent,IT & Systems,2.0,2,2,2.0,2.0,2,4.0,4.0,4.0,3.0,4.0,3.0,3,2.0,2.0,1.0
R129,Male,50 and above,6–10 years,Master's degree,Contract,Finance,4.0,3,4,3.0,3.0,3,3.0,3.0,2.0,2.0,3.0,3.0,1,2.0,1.0,1.0
R130,Female,30–39,2–5 years,Honours,Permanent,IT & Systems,4,4,4,4,4,4,4,4,4,4,4,4,4,4,4,4
R131,Male,40–49,2–5 years,Doctoral degree,Permanent,Service Delivery,2.0,1,2,2.0,1.0,2,4.0,5.0,5.0,4.0,4.0,5.0,3,2.0,2.0,3.0
R132,Male,40–49,2–5 years,Bachelor's degree,Permanent,Service Delivery,3.0,3,4,3.0,4.0,3,4.0,3.0,4.0,4.0,4.0,4.0,1,1.0,,1.0
R133,Male,30–39,Less than 2 years,Honours,Permanent,IT & Systems,2.0,2,2,2.0,2.0,2,4.0,4.0,5.0,4.0,3.0,3.0,2,2.0,3.0,2.0
R134,Male,40–49,2–5 years,Master's degree,Permanent,Service Delivery,2.0,2,2,3.0,2.0,3,4.0,4.0,4.0,4.0,3.0,4.0,2,2.0,2.0,2.0
R135,Female,40–49,6–10 years,Bachelor's degree,Permanent,Administration,2.0,3,4,3.0,,5,3.0,2.0,3.0,3.0,2.0,3.0,1,2.0,2.0,2.0
R136,Male,50 and above,2–5 years,Master's degree,Permanent,Human Resources,4.0,4,3,3.0,4.0,4,2.0,3.0,2.0,2.0,2.0,2.0,1,1.0,1.0,1.0
R137,Female,Under 30,More than 10 years,Honours,Permanent,Administration,2.0,2,2,2.0,2.0,2,4.0,4.0,5.0,4.0,4.0,5.0,2,,2.0,2.0
R138,Female,30–39,2–5 years,Diploma,Permanent,Finance,4.0,4,4,4.0,5.0,4,2.0,1.0,1.0,2.0,3.0,2.0,1,2.0,1.0,1.0
R139,Male,50 and above,6–10 years,Bachelor's degree,Permanent,Service Delivery,4.0,4,4,4.0,4.0,4,2.0,3.0,1.0,2.0,3.0,1.0,1,1.0,1.0,2.0
R140,Female,50 and above,6–10 years,Honours,Permanent,Legal & Compliance,4.0,4,4,4.0,4.0,4,3.0,2.0,3.0,3.0,3.0,2.0,1,1.0,1.0,1.0
R141,Female,30–39,Less than 2 years,Diploma,Permanent,Administration,4.0,3,3,2.0,3.0,3,3.0,4.0,4.0,4.0,4.0,3.0,2,1.0,1.0,1.0
R142,Male,40–49,6–10 years,Honours,Permanent,Human Resources,5.0,4,4,4.0,3.0,3,2.0,2.0,3.0,3.0,,2.0,1,1.0,1.0,1.0
R143,Female,30–39,2–5 years,Bachelor's degree,Permanent,Service Delivery,2.0,1,2,2.0,2.0,2,4.0,5.0,5.0,4.0,5.0,5.0,2,2.0,2.0,2.0
R144,MALE,30–39,More than 10 years,Honours,Permanent,Administration,2.0,2,1,2.0,1.0,2,4.0,4.0,4.0,5.0,4.0,3.0,2,1.0,1.0,1.0
R145,Male,30–39,Less than 2 years,Diploma,Casual,IT & Systems,3.0,3,3,3.0,3.0,3,3.0,3.0,3.0,4.0,3.0,3.0,2,1.0,2.0,2.0
R146,Male,30–39,2–5 years,Master's degree,Permanent,Service Delivery,2.0,2,3,2.0,2.0,3,4.0,4.0,4.0,4.0,4.0,5.0,2,2.0,2.0,2.0
R147,Female,40–49,Less than 2 years,Doctoral degree,Contract,IT & Systems,2.0,2,2,2.0,3.0,3,4.0,4.0,4.0,4.0,3.0,3.0,1,1.0,2.0,2.0
R148,Female,Under 30,More than 10 years,Doctoral degree,Permanent,Administration,3.0,3,3,3.0,3.0,2,4.0,3.0,4.0,5.0,4.0,4.0,1,1.0,1.0,1.0
R149,Male,50 and above,6–10 years,Honours,Permanent,Finance,3.0,3,3,3.0,3.0,3,3.0,3.0,4.0,3.0,3.0,3.0,2,3.0,2.0,2.0
R150,Male,50 and above,6–10 years,Bachelor's degree,Permanent,Service Delivery,4.0,4,4,4.0,4.0,4,2.0,2.0,2.0,2.0,2.0,1.0,1,1.0,1.0,1.0
R151,Female,40–49,Less than 2 years,Master's degree,Casual,IT & Systems,,4,4,4.0,5.0,5,2.0,3.0,2.0,1.0,2.0,2.0,1,1.0,1.0,1.0
R152,Male,30–39,6–10 years,Diploma,Permanent,Administration,3.0,3,3,4.0,4.0,3,2.0,3.0,3.0,3.0,3.0,3.0,1,1.0,1.0,1.0
R153,Male,30–39,2–5 years,Diploma,Contract,Service Delivery,2.0,2,2,3.0,2.0,2,4.0,4.0,4.0,4.0,4.0,3.0,2,1.0,2.0,2.0
R154,Female,40–49,More than 10 years,Bachelor's degree,Contract,Administration,2.0,3,2,3.0,3.0,2,3.0,3.0,2.0,3.0,3.0,3.0,1,1.0,1.0,1.0
R155,Female,40–49,2–5 years,Honours,Permanent,Service Delivery,1.0,1,2,2.0,1.0,3,4.0,3.0,4.0,4.0,5.0,4.0,2,1.0,2.0,2.0
R156,Male,Under 30,2–5 years,Master's degree,Permanent,Administration,,,,,,,,,,,,,,,,
R157,Female,50 and above,Less than 2 years,Honours,Permanent,Legal & Compliance,3.0,2,3,2.0,2.0,3,3.0,4.0,4.0,3.0,3.0,4.0,1,1.0,1.0,2.0
R158,Female,40–49,6–10 years,Honours,Permanent,Finance,2.0,3,3,3.0,3.0,3,4.0,4.0,3.0,4.0,4.0,4.0,1,2.0,2.0,2.0
R159,Male,50 and above,6–10 years,Bachelor's degree,Contract,Finance,4.0,4,5,4.0,4.0,4,2.0,3.0,2.0,2.0,3.0,2.0,1,1.0,1.0,1.0
R160,Female,40–49,Less than 2 years,Doctoral degree,Contract,Administration,3.0,3,2,2.0,3.0,3,4.0,4.0,4.0,4.0,3.0,4.0,1,2.0,2.0,2.0
R161,Male,40–49,More than 10 years,Bachelor's degree,Permanent,Finance,3.0,3,3,3.0,3.0,4,5.0,3.0,4.0,3.0,3.0,5.0,2,1.0,2.0,1.0
R162,Female,30–39,2–5 years,Honours,Permanent,Service Delivery,1.0,2,2,2.0,2.0,2,4.0,3.0,4.0,4.0,4.0,4.0,2,2.0,2.0,2.0
R163,Female,50 and above,6–10 years,Bachelor's degree,Contract,Legal & Compliance,2.0,3,2,3.0,2.0,2,4.0,3.0,3.0,3.0,3.0,4.0,1,2.0,1.0,1.0
R164,Female,50 and above,2–5 years,Master's degree,Permanent,Finance,2.0,2,2,2.0,3.0,2,3.0,2.0,4.0,3.0,3.0,4.0,3,2.0,2.0,1.0
R165,Male,Under 30,2–5 years,Honours,Contract,Human Resources,2.0,2,2,3.0,3.0,3,4.0,4.0,3.0,3.0,3.0,3.0,2,1.0,1.0,1.0
R166,Female,Under 30,6–10 years,Bachelor's degree,Permanent,Service Delivery,2.0,2,2,2.0,2.0,3,3.0,4.0,3.0,3.0,3.0,4.0,2,3.0,1.0,2.0
R167,Male,30–39,Less than 2 years,Diploma,Permanent,Legal & Compliance,3.0,3,3,3.0,2.0,2,3.0,4.0,3.0,3.0,3.0,3.0,2,1.0,2.0,2.0
R168,Male,40–49,2–5 years,Honours,Permanent,IT & Systems,3.0,3,3,3.0,4.0,4,1.0,2.0,3.0,2.0,3.0,2.0,1,1.0,1.0,1.0
R169,Male,50 and above,More than 10 years,Honours,Permanent,Human Resources,3.0,3,3,4.0,4.0,4,3.0,3.0,3.0,2.0,3.0,3.0,1,1.0,1.0,2.0
R170,Female,Under 30,More than 10 years,Bachelor's degree,Permanent,Human Resources,1.0,1,2,2.0,2.0,2,5.0,5.0,4.0,4.0,4.0,5.0,2,3.0,2.0,2.0
R171,Female,40–49,2–5 years,Doctoral degree,Permanent,Service Delivery,4.0,4,4,4.0,4.0,4,2.0,2.0,3.0,2.0,3.0,2.0,1,1.0,1.0,1.0
R172,Male,30–39,2–5 years,Bachelor's degree,Permanent,Administration,4.0,4,4,5.0,4.0,4,2.0,2.0,3.0,3.0,3.0,2.0,1,1.0,1.0,2.0
R173,Female,50 and above,6–10 years,Honours,Contract,IT & Systems,2.0,2,2,1.0,1.0,2,4.0,4.0,4.0,4.0,4.0,4.0,3,1.0,3.0,2.0
R174,Male,40–49,2–5 years,Master's degree,Contract,Finance,3.0,2,2,3.0,3.0,3,3.0,2.0,3.0,3.0,3.0,2.0,1,1.0,1.0,1.0
R175,Female,40–49,Less than 2 years,Bachelor's degree,Permanent,Service Delivery,2.0,3,1,2.0,2.0,3,4.0,4.0,3.0,3.0,4.0,4.0,2,2.0,2.0,3.0
R176,Male,30–39,Less than 2 years,Honours,Permanent,Administration,3.0,3,2,3.0,3.0,3,2.0,3.0,3.0,4.0,3.0,3.0,2,2.0,2.0,1.0
R177,Female,30–39,6–10 years,Bachelor's degree,Permanent,IT & Systems,3.0,3,3,3.0,2.0,2,4.0,4.0,3.0,4.0,4.0,3.0,2,1.0,2.0,1.0
R178,Male,30–39,6–10 years,Bachelor's degree,Permanent,Human Resources,2.0,2,2,2.0,2.0,2,3.0,3.0,2.0,2.0,3.0,2.0,1,1.0,1.0,1.0
R179,Female,Under 30,Less than 2 years,Doctoral degree,Permanent,Service Delivery,2.0,2,1,2.0,2.0,2,4.0,3.0,4.0,4.0,4.0,3.0,2,1.0,2.0,1.0
R180,Male,50 and above,2–5 years,Bachelor's degree,Permanent,Administration,4.0,4,5,4.0,5.0,5,3.0,2.0,2.0,2.0,3.0,3.0,1,1.0,1.0,1.0
R181,Male,40–49,2–5 years,Master's degree,Permanent,IT & Systems,5.0,4,4,5.0,4.0,4,2.0,3.0,2.0,3.0,3.0,2.0,1,1.0,1.0,1.0
R182,Male,50 and above,6–10 years,Bachelor's degree,Permanent,IT & Systems,3.0,4,3,4.0,3.0,3,4.0,4.0,4.0,4.0,4.0,4.0,1,1.0,2.0,2.0
R183,Female,50 and above,Less than 2 years,Bachelor's degree,Permanent,IT & Systems,2.0,3,2,3.0,2.0,2,4.0,4.0,4.0,4.0,4.0,4.0,1,1.0,1.0,1.0
R184,Female,30–39,Less than 2 years,Diploma,Permanent,IT & Systems,5.0,4,4,4.0,4.0,4,2.0,2.0,2.0,2.0,1.0,2.0,1,1.0,1.0,1.0
R185,Male,40–49,More than 10 years,Honours,Casual,Service Delivery,3.0,3,3,3.0,4.0,3,3.0,3.0,2.0,3.0,3.0,4.0,1,1.0,2.0,1.0
R186,Female,50 and above,2–5 years,Bachelor's degree,Permanent,Service Delivery,4.0,5,5,5.0,5.0,4,1.0,1.0,1.0,2.0,1.0,1.0,1,1.0,1.0,2.0
R187,Female,40–49,6–10 years,Master's degree,Permanent,Finance,2.0,2,2,2.0,2.0,2,3.0,4.0,4.0,3.0,5.0,4.0,2,1.0,2.0,1.0
R188,Female,30–39,2–5 years,Honours,Permanent,Service Delivery,4.0,4,3,4.0,4.0,4,2.0,2.0,2.0,2.0,2.0,2.0,1,1.0,1.0,1.0
R189,Female,30–39,Less than 2 years,Doctoral degree,Permanent,Human Resources,3.0,2,2,3.0,3.0,2,4.0,4.0,4.0,4.0,4.0,3.0,2,2.0,2.0,2.0
R190,Male,Under 30,2–5 years,Bachelor's degree,Permanent,Administration,4.0,4,4,5.0,4.0,5,2.0,3.0,2.0,2.0,3.0,3.0,1,1.0,1.0,2.0
R191,Male,50 and above,6–10 years,Master's degree,Permanent,Administration,3.0,2,2,2.0,2.0,3,4.0,3.0,3.0,4.0,4.0,3.0,1,1.0,1.0,2.0
R192,Female,40–49,More than 10 years,Master's degree,Casual,Finance,3.0,3,4,5.0,4.0,3,3.0,3.0,3.0,,2.0,3.0,1,1.0,1.0,1.0
R193,Female,30–39,More than 10 years,Master's degree,Permanent,Service Delivery,5.0,4,4,4.0,4.0,4,4.0,3.0,3.0,4.0,4.0,4.0,1,1.0,1.0,1.0
R194,Female,40–49,2–5 years,Master's degree,Permanent,Service Delivery,1.0,2,1,2.0,2.0,2,4.0,3.0,4.0,3.0,4.0,4.0,2,2.0,2.0,2.0
R195,Male,40–49,6–10 years,Master's degree,Contract,Service Delivery,4.0,4,4,5.0,4.0,5,3.0,4.0,4.0,3.0,3.0,4.0,2,1.0,1.0,1.0
R196,Male,30–39,2–5 years,Honours,Permanent,IT & Systems,3,3,3,3,4.0,3,3,3,4.0,3,3,3,3,3,3,3
R197,Female,Under 30,2–5 years,Bachelor's degree,Permanent,Human Resources,3.0,4,5,4.0,4.0,4,3.0,3.0,4.0,2.0,3.0,4.0,1,1.0,1.0,1.0
R198,Female,40–49,More than 10 years,Diploma,Permanent,Administration,4.0,4,3,3.0,3.0,3,3.0,4.0,3.0,3.0,3.0,3.0,1,1.0,1.0,1.0
R199,Female,30–39,Less than 2 years,Master's degree,Permanent,Finance,3.0,3,3,3.0,3.0,2,4.0,4.0,4.0,4.0,4.0,3.0,2,2.0,1.0,2.0
R200,Female,40–49,Less than 2 years,Honours,Contract,Human Resources,3.0,4,3,4.0,4.0,4,2.0,1.0,2.0,2.0,2.0,1.0,1,1.0,1.0,1.0
R201,Female,30–39,2–5 years,Master's degree,Permanent,Administration,3.0,3,2,3.0,4.0,4,3.0,3.0,4.0,3.0,4.0,3.0,1,1.0,1.0,1.0
R202,Male,40–49,Less than 2 years,Honours,Permanent,Finance,3.0,4,4,4.0,4.0,5,2.0,3.0,3.0,3.0,2.0,3.0,2,1.0,1.0,2.0
R203,Male,30–39,2–5 years,Bachelor's degree,Permanent,IT & Systems,2.0,2,2,2.0,2.0,2,4.0,4.0,4.0,4.0,4.0,4.0,1,1.0,1.0,1.0
R204,Female,40–49,6–10 years,Bachelor's degree,Permanent,Service Delivery,4.0,3,4,4.0,4.0,4,2.0,1.0,2.0,2.0,2.0,1.0,1,1.0,1.0,1.0
R205,Female,50 and above,2–5 years,Honours,Permanent,Legal & Compliance,2.0,2,2,2.0,3.0,3,4.0,,3.0,4.0,4.0,4.0,2,1.0,1.0,2.0
R206,Male,30–39,More than 10 years,Honours,Permanent,Legal & Compliance,4.0,5,4,4.0,4.0,5,3.0,3.0,3.0,4.0,3.0,4.0,1,1.0,1.0,1.0
R207,Male,Under 30,More than 10 years,Bachelor's degree,Permanent,Service Delivery,3.0,4,4,3.0,3.0,3,4.0,4.0,3.0,4.0,4.0,4.0,1,1.0,1.0,1.0
R208,Female,Under 30,2–5 years,Honours,Contract,Human Resources,4.0,3,4,4.0,3.0,3,3.0,3.0,3.0,3.0,2.0,3.0,1,1.0,1.0,1.0
R209,Male,40–49,2–5 years,Diploma,Permanent,IT & Systems,4.0,4,4,4.0,4.0,4,2.0,3.0,3.0,2.0,2.0,3.0,1,1.0,1.0,1.0
R210,Male,40–49,2–5 years,Honours,Permanent,Service Delivery,4.0,4,4,5.0,4.0,4,2.0,2.0,2.0,2.0,2.0,2.0,1,2.0,1.0,1.0
R211,Female,40–49,6–10 years,Bachelor's degree,Contract,Administration,3.0,2,1,2.0,3.0,2,3.0,3.0,4.0,3.0,2.0,3.0,2,1.0,1.0,1.0
R212,Female,30–39,2–5 years,Master's degree,Permanent,Human Resources,8.0,4,4,3.0,3.0,4,3.0,3.0,2.0,2.0,2.0,3.0,1,1.0,1.0,1.0
R213,Female,Under 30,6–10 years,Bachelor's degree,Permanent,Service Delivery,4.0,3,3,4.0,4.0,4,4.0,4.0,3.0,4.0,4.0,3.0,1,1.0,1.0,1.0
R214,Male,Under 30,2–5 years,Honours,Permanent,Human Resources,2.0,2,2,2.0,3.0,2,4.0,4.0,4.0,4.0,3.0,4.0,2,2.0,2.0,1.0
R215,Female,30–39,6–10 years,Diploma,Permanent,IT & Systems,3.0,2,2,2.0,2.0,3,3.0,4.0,4.0,4.0,4.0,4.0,1,1.0,1.0,1.0
R216,Male,40–49,2–5 years,Diploma,Permanent,IT & Systems,4.0,4,3,4.0,4.0,4,3.0,2.0,3.0,3.0,3.0,3.0,1,1.0,1.0,1.0
R217,Male,30–39,2–5 years,Bachelor's degree,Casual,Administration,4.0,3,5,4.0,4.0,3,4.0,3.0,4.0,3.0,3.0,3.0,2,1.0,1.0,1.0
R218,Female,30–39,More than 10 years,Honours,Permanent,Finance,4.0,5,5,5.0,5.0,5,2.0,3.0,3.0,2.0,2.0,3.0,1,1.0,1.0,1.0
R219,Female,50 and above,More than 10 years,Honours,Permanent,Finance,2.0,3,3,2.0,3.0,2,5.0,5.0,5.0,4.0,4.0,5.0,3,3.0,3.0,3.0
R220,Female,30–39,Less than 2 years,Bachelor's degree,Contract,Administration,1.0,2,1,1.0,1.0,2,5.0,4.0,4.0,4.0,4.0,5.0,4,3.0,4.0,3.0
R221,Female,30–39,More than 10 years,Honours,Permanent,Administration,4,5,4,4,4,5,5,5,5,5,4,5,4,4,4,5
R222,Female,40–49,6–10 years,Master's degree,Permanent,Service Delivery,3.0,2,2,2.0,2.0,2,3.0,3.0,3.0,3.0,3.0,3.0,2,2.0,2.0,2.0
R223,Male,30–39,More than 10 years,Master's degree,Permanent,Finance,3.0,2,2,2.0,2.0,2,3.0,4.0,5.0,5.0,5.0,4.0,3,3.0,3.0,3.0
R224,Male,40–49,More than 10 years,Diploma,Casual,IT & Systems,4.0,3,4,3.0,4.0,4,2.0,2.0,2.0,2.0,1.0,2.0,1,1.0,1.0,1.0
R225,Male,50 and above,2–5 years,Honours,Permanent,Finance,2.0,2,2,2.0,2.0,2,5.0,5.0,4.0,5.0,5.0,4.0,2,2.0,2.0,1.0
R226,Male,50 and above,Less than 2 years,Bachelor's degree,Permanent,Legal & Compliance,3.0,3,2,3.0,3.0,3,2.0,3.0,3.0,2.0,2.0,2.0,1,2.0,1.0,1.0
R227,Female,Under 30,2–5 years,Bachelor's degree,Permanent,Finance,3.0,3,2,2.0,2.0,2,3.0,4.0,3.0,4.0,3.0,4.0,2,2.0,2.0,2.0
R228,Male,50 and above,6–10 years,Doctoral degree,Permanent,Human Resources,4.0,4,4,4.0,3.0,4,3.0,2.0,3.0,3.0,2.0,3.0,1,1.0,2.0,1.0
R229,Female,30–39,6–10 years,Bachelor's degree,Permanent,Service Delivery,3.0,3,3,3.0,3.0,3,4.0,3.0,2.0,2.0,2.0,3.0,1,1.0,1.0,2.0
R230,Female,30–39,2–5 years,Honours,Permanent,Service Delivery,3.0,3,3,4.0,3.0,3,3.0,2.0,3.0,3.0,2.0,4.0,2,1.0,1.0,2.0
R231,Female,30–39,Less than 2 years,Honours,Contract,Administration,4.0,4,4,4.0,4.0,4,2.0,2.0,4.0,3.0,3.0,2.0,1,1.0,1.0,1.0
R232,Female,50 and above,More than 10 years,Honours,Permanent,Service Delivery,4.0,5,5,,5.0,5,2.0,2.0,2.0,2.0,2.0,3.0,1,1.0,1.0,1.0
R233,Female,30–39,More than 10 years,Honours,Permanent,Human Resources,2.0,3,2,3.0,3.0,3,3.0,3.0,3.0,2.0,4.0,3.0,2,1.0,1.0,2.0
R234,Female,30–39,6–10 years,Diploma,Contract,Human Resources,3.0,2,2,3.0,3.0,2,5.0,4.0,4.0,3.0,4.0,4.0,2,2.0,2.0,3.0
R235,Male,40–49,2–5 years,Bachelor's degree,Contract,Administration,2.0,4,3,3.0,3.0,3,3.0,4.0,3.0,4.0,4.0,3.0,1,1.0,1.0,1.0
R236,Female,30–39,2–5 years,Honours,Permanent,Administration,4.0,3,4,3.0,3.0,4,2.0,3.0,2.0,2.0,2.0,3.0,1,1.0,1.0,1.0
R237,Male,Under 30,Less than 2 years,Diploma,Permanent,Service Delivery,5.0,5,4,4.0,4.0,4,2.0,2.0,3.0,2.0,2.0,2.0,1,1.0,1.0,1.0
R238,Male,Under 30,More than 10 years,Bachelor's degree,Permanent,Human Resources,4.0,3,4,4.0,4.0,3,3.0,2.0,2.0,3.0,3.0,3.0,2,1.0,1.0,1.0
R239,Female,Under 30,Less than 2 years,Diploma,Casual,Human Resources,5.0,5,5,5.0,5.0,4,3.0,3.0,2.0,3.0,3.0,2.0,1,1.0,1.0,1.0
R240,Male,Under 30,6–10 years,Diploma,Contract,Service Delivery,1.0,1,1,1.0,2.0,1,4.0,4.0,4.0,4.0,5.0,5.0,2,3.0,3.0,3.0
R241,Female,Under 30,2–5 years,Bachelor's degree,Permanent,Service Delivery,3.0,2,3,3.0,3.0,3,3.0,3.0,4.0,4.0,4.0,4.0,2,1.0,1.0,2.0
R242,Female,40–49,6–10 years,Bachelor's degree,Contract,Administration,4.0,4,4,3.0,4.0,5,2.0,3.0,3.0,3.0,3.0,3.0,1,1.0,1.0,1.0
R243,Female,30–39,6–10 years,Honours,Permanent,IT & Systems,3.0,5,4,5.0,4.0,4,2.0,,2.0,2.0,1.0,2.0,1,1.0,1.0,1.0
R244,Male,30–39,More than 10 years,Honours,Permanent,Administration,5.0,4,4,4.0,5.0,5,2.0,3.0,3.0,3.0,2.0,3.0,1,1.0,1.0,1.0
R245,Male,50 and above,2–5 years,Master's degree,Permanent,Service Delivery,3.0,2,2,2.0,2.0,2,4.0,4.0,5.0,3.0,4.0,5.0,3,2.0,3.0,2.0
R246,Female,30–39,Less than 2 years,Bachelor's degree,Contract,Service Delivery,3.0,3,3,3.0,3.0,3,3.0,3.0,4.0,4.0,3.0,3.0,2,2.0,2.0,2.0
R247,Male,40–49,Less than 2 years,Bachelor's degree,Permanent,Legal & Compliance,3.0,3,3,3.0,2.0,2,3.0,4.0,3.0,4.0,3.0,4.0,2,1.0,1.0,1.0
R248,Female,Under 30,More than 10 years,Bachelor's degree,Contract,Administration,2,2,2,2,2,2,2,2,2,2,2,2,2,2,2,2
R249,Female,30–39,More than 10 years,Honours,Contract,Administration,2.0,3,2,2.0,2.0,2,3.0,4.0,4.0,5.0,5.0,4.0,2,1.0,1.0,2.0
R250,Female,Under 30,6–10 years,Honours,Permanent,Finance,5.0,4,5,4.0,5.0,4,4.0,3.0,3.0,3.0,2.0,3.0,1,1.0,1.0,1.0
R251,Male,Under 30,6–10 years,Diploma,Permanent,Finance,2.0,3,3,2.0,3.0,3,4.0,3.0,3.0,3.0,4.0,3.0,1,1.0,1.0,1.0
R252,Male,30–39,6–10 years,Master's degree,Permanent,Finance,5.0,4,4,5.0,4.0,4,3.0,3.0,2.0,3.0,2.0,2.0,1,1.0,2.0,2.0
R253,Female,Under 30,2–5 years,Diploma,Permanent,Legal & Compliance,3.0,3,2,2.0,2.0,3,2.0,3.0,3.0,3.0,2.0,2.0,1,1.0,1.0,1.0
R254,Male,Under 30,More than 10 years,Honours,Permanent,Finance,2.0,2,2,3.0,1.0,2,5.0,3.0,4.0,2.0,4.0,4.0,2,2.0,2.0,2.0
R255,Male,Under 30,2–5 years,Honours,Permanent,Finance,3.0,3,2,3.0,2.0,3,3.0,3.0,3.0,3.0,4.0,2.0,1,1.0,,2.0
R256,Female,30–39,2–5 years,Master's degree,Contract,Service Delivery,5.0,5,5,5.0,4.0,5,1.0,1.0,2.0,2.0,2.0,1.0,1,1.0,1.0,1.0
R257,Female,30–39,6–10 years,Honours,Permanent,Human Resources,2.0,3,3,2.0,3.0,3,3.0,3.0,3.0,3.0,3.0,3.0,1,1.0,1.0,1.0
R258,Female,30–39,Less than 2 years,Master's degree,Permanent,Service Delivery,4.0,4,4,4.0,4.0,4,3.0,1.0,2.0,2.0,3.0,2.0,1,1.0,1.0,1.0
R259,Female,30–39,2–5 years,Bachelor's degree,Permanent,Administration,3.0,3,4,4.0,4.0,4,3.0,2.0,3.0,2.0,3.0,3.0,1,1.0,2.0,1.0
R260,Male,40–49,6–10 years,Master's degree,Permanent,Human Resources,3.0,4,4,4.0,3.0,3,2.0,2.0,2.0,3.0,2.0,2.0,1,1.0,1.0,1.0
R261,Female,Under 30,Less than 2 years,Diploma,Permanent,Administration,5.0,4,5,3.0,3.0,4,1.0,1.0,2.0,2.0,2.0,1.0,1,1.0,1.0,1.0
R262,Female,40–49,6–10 years,Master's degree,Permanent,Administration,3.0,3,1,2.0,2.0,2,3.0,3.0,2.0,3.0,4.0,2.0,1,1.0,1.0,1.0
R263,Male,40–49,2–5 years,Honours,Contract,Legal & Compliance,5.0,4,4,4.0,4.0,4,2.0,3.0,2.0,2.0,2.0,3.0,1,1.0,2.0,1.0
R264,Female,Under 30,2–5 years,Master's degree,Permanent,Administration,1.0,2,2,2.0,2.0,2,4.0,4.0,4.0,4.0,4.0,4.0,4,4.0,3.0,4.0
R265,Female,50 and above,2–5 years,Honours,Casual,IT & Systems,2.0,2,2,2.0,2.0,2,2.0,2.0,3.0,3.0,2.0,2.0,1,1.0,2.0,1.0
R266,Female,50 and above,2–5 years,Honours,Contract,Human Resources,4.0,5,5,4.0,5.0,5,1.0,2.0,2.0,2.0,1.0,2.0,1,1.0,1.0,1.0
R267,Female,Under 30,6–10 years,Honours,Permanent,Finance,3.0,4,3,3.0,3.0,3,3.0,3.0,3.0,3.0,3.0,3.0,1,1.0,1.0,1.0
R268,Female,30–39,2–5 years,Honours,Contract,Legal & Compliance,3.0,2,3,3.0,3.0,3,4.0,3.0,3.0,4.0,3.0,4.0,1,1.0,1.0,1.0
R269,Male,40–49,6–10 years,Diploma,Permanent,Administration,4.0,4,4,3.0,4.0,4,2.0,3.0,3.0,4.0,3.0,2.0,1,1.0,1.0,2.0
R270,Male,40–49,6–10 years,Diploma,Contract,Service Delivery,2.0,2,3,1.0,4.0,3,4.0,4.0,4.0,3.0,4.0,4.0,3,2.0,2.0,2.0
R271,Female,30–39,6–10 years,Bachelor's degree,Permanent,Legal & Compliance,3.0,2,2,2.0,1.0,2,4.0,4.0,3.0,3.0,4.0,5.0,2,2.0,3.0,2.0
R272,Female,30–39,More than 10 years,Bachelor's degree,Contract,IT & Systems,2.0,2,2,2.0,2.0,2,2.0,4.0,3.0,3.0,4.0,4.0,3,3.0,2.0,3.0
R273,Female,30–39,6–10 years,Master's degree,Contract,Legal & Compliance,3.0,2,2,2.0,2.0,2,4.0,5.0,3.0,3.0,4.0,4.0,1,1.0,1.0,1.0
R274,Female,30–39,2–5 years,Bachelor's degree,Contract,Administration,2.0,1,2,3.0,3.0,2,3.0,4.0,4.0,3.0,4.0,4.0,2,2.0,2.0,2.0
R275,Female,40–49,Less than 2 years,Doctoral degree,Contract,Human Resources,4.0,4,4,4.0,4.0,4,3.0,3.0,2.0,2.0,3.0,2.0,1,1.0,1.0,1.0
R276,Female,30–39,2–5 years,Bachelor's degree,Permanent,Finance,4.0,4,3,4.0,4.0,4,5.0,5.0,5.0,4.0,4.0,5.0,3,2.0,3.0,2.0
R277,male,30–39,6–10 years,Bachelor's degree,Permanent,Service Delivery,4.0,4,4,4.0,4.0,4,1.0,1.0,1.0,1.0,2.0,2.0,1,1.0,1.0,1.0
R278,Female,40–49,Less than 2 years,Master's degree,Permanent,Legal & Compliance,3.0,2,2,2.0,3.0,1,4.0,5.0,4.0,5.0,5.0,5.0,2,3.0,3.0,2.0
R279,Female,Under 30,6–10 years,Honours,Permanent,Finance,3.0,3,3,2.0,3.0,2,3.0,2.0,3.0,3.0,3.0,4.0,1,1.0,1.0,1.0
R280,Female,30–39,6–10 years,Honours,Permanent,Service Delivery,4.0,3,3,4.0,3.0,4,3.0,2.0,2.0,3.0,2.0,3.0,1,1.0,1.0,1.0
R281,Female,40–49,2–5 years,Honours,Permanent,Administration,1.0,2,1,1.0,1.0,2,4.0,5.0,5.0,5.0,4.0,4.0,2,3.0,4.0,3.0
R282,Male,50 and above,More than 10 years,Honours,Casual,IT & Systems,1.0,1,1,2.0,1.0,2,4.0,5.0,4.0,4.0,4.0,5.0,2,2.0,2.0,2.0
R283,Male,30–39,Less than 2 years,Bachelor's degree,Permanent,Human Resources,4.0,5,3,4.0,3.0,4,3.0,2.0,2.0,2.0,3.0,2.0,1,1.0,2.0,1.0
R284,Male,30–39,Less than 2 years,Doctoral degree,Contract,Legal & Compliance,3.0,3,3,3.0,3.0,3,3.0,4.0,4.0,4.0,4.0,4.0,2,1.0,2.0,1.0
R285,Female,Under 30,6–10 years,Doctoral degree,Permanent,IT & Systems,4.0,3,3,4.0,4.0,3,2.0,2.0,2.0,1.0,2.0,2.0,1,1.0,1.0,1.0
R286,Male,30–39,6–10 years,Honours,Contract,Finance,2.0,3,2,4.0,2.0,3,3.0,4.0,4.0,3.0,4.0,3.0,1,1.0,1.0,1.0
R287,Female,30–39,6–10 years,Bachelor's degree,Contract,Administration,4.0,5,4,5.0,5.0,4,2.0,2.0,2.0,2.0,1.0,1.0,1,1.0,1.0,1.0
R288,Female,30–39,2–5 years,Honours,Permanent,Administration,3.0,2,3,2.0,3.0,2,3.0,3.0,3.0,3.0,3.0,3.0,2,1.0,1.0,1.0
R289,Male,30–39,2–5 years,Diploma,Permanent,Finance,2.0,3,3,3.0,2.0,2,3.0,4.0,3.0,4.0,2.0,3.0,2,2.0,2.0,1.0
R290,Female,30–39,More than 10 years,Diploma,Contract,Finance,3.0,3,3,3.0,3.0,3,5.0,4.0,4.0,4.0,4.0,3.0,1,2.0,2.0,1.0
R291,Male,Under 30,More than 10 years,Bachelor's degree,Permanent,Service Delivery,3.0,3,3,4.0,4.0,3,3.0,3.0,3.0,3.0,2.0,3.0,1,1.0,1.0,1.0
R292,Male,30–39,6–10 years,Honours,Permanent,IT & Systems,4.0,5,3,4.0,5.0,4,2.0,3.0,2.0,2.0,3.0,2.0,1,1.0,1.0,1.0
R293,Female,30–39,2–5 years,Master's degree,Permanent,IT & Systems,2.0,2,2,2.0,2.0,2,4.0,4.0,3.0,4.0,4.0,3.0,1,2.0,1.0,1.0
R294,Male,30–39,6–10 years,Honours,Permanent,Administration,4.0,4,4,3.0,4.0,3,3.0,4.0,3.0,4.0,3.0,3.0,1,1.0,2.0,1.0
R295,Male,Under 30,2–5 years,Honours,Permanent,Service Delivery,2.0,2,2,2.0,2.0,2,5.0,5.0,5.0,4.0,5.0,5.0,3,2.0,2.0,3.0
R296,Female,50 and above,Less than 2 years,Bachelor's degree,Permanent,Service Delivery,4.0,4,4,4.0,4.0,3,3.0,3.0,3.0,4.0,3.0,3.0,2,3.0,2.0,2.0
R297,Female,40–49,More than 10 years,Bachelor's degree,Permanent,Administration,3.0,4,3,3.0,3.0,4,3.0,2.0,2.0,4.0,3.0,3.0,1,2.0,1.0,1.0
R298,Male,40–49,Less than 2 years,Bachelor's degree,Permanent,Service Delivery,4.0,3,4,5.0,5.0,4,3.0,3.0,4.0,3.0,3.0,3.0,1,1.0,2.0,1.0
R299,Female,40–49,More than 10 years,Doctoral degree,Casual,IT & Systems,4.0,4,3,3.0,3.0,3,4.0,4.0,,4.0,-1.0,3.0,1,1.0,1.0,1.0
R300,Male,30–39,2–5 years,Diploma,Permanent,Administration,3.0,3,2,2.0,3.0,3,4.0,4.0,4.0,4.0,5.0,5.0,3,2.0,3.0,2.0
R301,Male,Under 30,2–5 years,Master's degree,Casual,Human Resources,3.0,4,4,4.0,4.0,3,2.0,3.0,2.0,2.0,2.0,3.0,1,1.0,1.0,1.0
R302,Female,30–39,6–10 years,Honours,Permanent,Human Resources,4.0,3,3,3.0,3.0,3,4.0,3.0,3.0,3.0,3.0,3.0,1,2.0,1.0,1.0
R303,Female,40–49,More than 10 years,Honours,Permanent,Administration,,,,,,,,,,,,,,,,
R304,Female,40–49,6–10 years,Honours,Permanent,Legal & Compliance,4.0,4,3,3.0,3.0,4,2.0,3.0,3.0,2.0,3.0,3.0,1,1.0,1.0,1.0
R305,Female,30–39,More than 10 years,Honours,Permanent,Service Delivery,5.0,4,4,4.0,5.0,4,2.0,3.0,2.0,2.0,3.0,2.0,1,1.0,1.0,1.0
R306,Female,Under 30,6–10 years,Master's degree,Permanent,Service Delivery,1.0,2,2,1.0,1.0,2,4.0,4.0,5.0,5.0,3.0,5.0,3,3.0,2.0,3.0
R307,Female,30–39,6–10 years,Master's degree,Permanent,Human Resources,4.0,5,4,5.0,4.0,5,1.0,1.0,2.0,2.0,2.0,1.0,1,2.0,1.0,1.0
R308,Male,30–39,More than 10 years,Bachelor's degree,Permanent,Human Resources,4.0,4,4,4.0,3.0,3,3.0,3.0,4.0,3.0,3.0,3.0,1,2.0,1.0,1.0
R309,Female,40–49,2–5 years,Bachelor's degree,Permanent,Service Delivery,2.0,3,3,3.0,3.0,3,4.0,4.0,5.0,5.0,4.0,5.0,2,2.0,2.0,2.0
R310,Male,40–49,6–10 years,Honours,Permanent,IT & Systems,3.0,3,3,4.0,4.0,3,3.0,4.0,3.0,3.0,4.0,3.0,1,1.0,1.0,1.0
R311,Male,30–39,2–5 years,Master's degree,Permanent,Administration,3.0,3,3,3.0,2.0,2,4.0,5.0,4.0,4.0,4.0,4.0,1,1.0,1.0,1.0
R312,Male,50 and above,More than 10 years,Bachelor's degree,Permanent,IT & Systems,4.0,5,4,4.0,5.0,4,2.0,2.0,1.0,2.0,2.0,2.0,1,1.0,1.0,1.0
R313,Male,40–49,More than 10 years,Honours,Contract,Service Delivery,2.0,4,3,3.0,3.0,2,4.0,4.0,3.0,3.0,3.0,3.0,1,1.0,1.0,1.0
R314,Female,30–39,Less than 2 years,Honours,Permanent,Human Resources,5.0,4,4,4.0,5.0,5,3.0,3.0,2.0,3.0,3.0,3.0,1,1.0,2.0,1.0
R315,Female,Under 30,6–10 years,Honours,Permanent,Administration,3.0,3,3,3.0,3.0,4,3.0,4.0,4.0,4.0,3.0,3.0,1,1.0,2.0,2.0
R316,Female,Under 30,More than 10 years,Bachelor's degree,Casual,Service Delivery,5,5,5,5,5,5,5,4,5,4,4,4,4,5,5,4
R317,Male,30–39,2–5 years,Honours,Permanent,Administration,4.0,4,3,4.0,5.0,4,2.0,2.0,2.0,3.0,2.0,3.0,1,1.0,1.0,1.0
R318,Male,Under 30,6–10 years,Master's degree,Permanent,Finance,4.0,3,4,3.0,3.0,3,3.0,2.0,3.0,2.0,3.0,3.0,1,1.0,2.0,1.0
R319,Male,30–39,More than 10 years,Bachelor's degree,Casual,Administration,4.0,4,3,3.0,4.0,3,2.0,2.0,2.0,1.0,2.0,2.0,1,1.0,1.0,1.0
R320,Male,30–39,Less than 2 years,Bachelor's degree,Permanent,Finance,4.0,4,4,4.0,4.0,3,2.0,2.0,2.0,2.0,3.0,,1,1.0,1.0,1.0
R321,Female,Under 30,6–10 years,Doctoral degree,Permanent,Service Delivery,4.0,3,4,4.0,4.0,4,3.0,3.0,2.0,3.0,2.0,3.0,1,1.0,1.0,1.0
R322,Female,50 and above,2–5 years,Bachelor's degree,Permanent,IT & Systems,4.0,4,4,4.0,4.0,4,2.0,2.0,2.0,2.0,2.0,2.0,1,1.0,1.0,1.0
R323,Female,Under 30,More than 10 years,Master's degree,Permanent,Administration,2.0,2,3,3.0,2.0,3,4.0,4.0,3.0,4.0,4.0,4.0,3,2.0,2.0,2.0
R324,Male,30–39,More than 10 years,Honours,Permanent,Service Delivery,3.0,3,3,3.0,2.0,3,3.0,3.0,4.0,3.0,3.0,4.0,1,2.0,2.0,1.0
R325,Female,30–39,More than 10 years,Bachelor's degree,Permanent,Service Delivery,4.0,4,5,5.0,5.0,4,1.0,2.0,2.0,2.0,2.0,2.0,2,1.0,1.0,1.0
R326,Female,50 and above,6–10 years,Master's degree,Permanent,Service Delivery,1.0,1,1,1.0,2.0,1,4.0,4.0,4.0,5.0,4.0,4.0,2,2.0,3.0,3.0
R327,Female,Under 30,More than 10 years,Honours,Permanent,Finance,4.0,3,3,4.0,3.0,4,3.0,3.0,3.0,4.0,3.0,3.0,1,2.0,2.0,2.0
R328,Female,30–39,More than 10 years,Honours,Casual,Human Resources,3.0,2,2,3.0,3.0,3,2.0,2.0,2.0,3.0,1.0,3.0,1,2.0,1.0,1.0
R329,Male,50 and above,2–5 years,Bachelor's degree,Contract,Legal & Compliance,4.0,4,3,4.0,4.0,3,3.0,3.0,2.0,2.0,3.0,1.0,1,2.0,1.0,1.0
R330,Male,50 and above,More than 10 years,Honours,Permanent,Service Delivery,2.0,2,2,2.0,2.0,2,3.0,3.0,3.0,4.0,3.0,3.0,2,2.0,2.0,2.0
R331,Male,40–49,Less than 2 years,Bachelor's degree,Permanent,Administration,2.0,1,1,1.0,2.0,1,5.0,5.0,5.0,5.0,5.0,5.0,4,2.0,3.0,3.0
R332,Female,30–39,6–10 years,Bachelor's degree,Permanent,Administration,3.0,3,3,2.0,3.0,3,3.0,4.0,4.0,3.0,4.0,4.0,1,2.0,1.0,1.0
R333,Male,Under 30,2–5 years,Doctoral degree,Permanent,Human Resources,2.0,2,2,2.0,2.0,2,5.0,4.0,4.0,3.0,4.0,5.0,2,2.0,2.0,2.0
R334,Male,40–49,Less than 2 years,Bachelor's degree,Permanent,Legal & Compliance,4.0,4,3,4.0,,4,3.0,4.0,3.0,4.0,4.0,3.0,1,1.0,1.0,1.0
R335,Male,50 and above,Less than 2 years,Honours,Permanent,IT & Systems,2.0,2,2,2.0,2.0,2,3.0,3.0,3.0,3.0,3.0,3.0,2,2.0,2.0,2.0
R336,Male,30–39,6–10 years,Bachelor's degree,Contract,Human Resources,4.0,4,4,4.0,4.0,4,3.0,4.0,3.0,3.0,2.0,2.0,1,1.0,1.0,1.0
R337,Female,40–49,2–5 years,Master's degree,Permanent,Administration,4.0,3,4,5.0,5.0,4,3.0,4.0,2.0,2.0,3.0,3.0,1,1.0,1.0,1.0
R338,Female,30–39,6–10 years,Bachelor's degree,Permanent,Service Delivery,3.0,3,4,3.0,4.0,4,2.0,2.0,3.0,,2.0,2.0,1,1.0,2.0,1.0
R339,Female,40–49,Less than 2 years,Doctoral degree,Permanent,Service Delivery,3.0,3,3,3.0,3.0,3,4.0,4.0,4.0,4.0,3.0,3.0,1,2.0,2.0,3.0
R340,Male,30–39,2–5 years,Honours,Permanent,Human Resources,5.0,4,4,4.0,4.0,4,2.0,2.0,2.0,1.0,2.0,2.0,1,1.0,1.0,1.0
R341,Female,30–39,6–10 years,Bachelor's degree,Contract,Service Delivery,3.0,3,3,3.0,3.0,3,3.0,3.0,3.0,3.0,3.0,4.0,2,1.0,1.0,1.0
R342,Female,30–39,More than 10 years,Diploma,Contract,Legal & Compliance,2.0,1,1,2.0,2.0,2,4.0,3.0,3.0,3.0,4.0,5.0,2,2.0,2.0,2.0
R343,Male,30–39,2–5 years,Bachelor's degree,Contract,Administration,3.0,2,2,3.0,2.0,2,3.0,4.0,3.0,3.0,4.0,4.0,2,2.0,3.0,2.0
R344,Male,30–39,6–10 years,Honours,Permanent,IT & Systems,3.0,3,3,3.0,2.0,3,3.0,3.0,3.0,2.0,3.0,3.0,1,1.0,1.0,1.0
R345,Male,Under 30,More than 10 years,Bachelor's degree,Permanent,Finance,3.0,3,3,3.0,3.0,3,4.0,4.0,3.0,3.0,4.0,4.0,1,1.0,1.0,1.0
R346,Female,40–49,6–10 years,Master's degree,Permanent,Service Delivery,4.0,4,5,5.0,4.0,5,2.0,1.0,2.0,2.0,2.0,2.0,1,1.0,1.0,1.0
R347,Female,30–39,2–5 years,Honours,Permanent,IT & Systems,3.0,3,3,4.0,3.0,3,4.0,4.0,3.0,3.0,4.0,4.0,2,2.0,2.0,2.0
R348,Male,40–49,Less than 2 years,Bachelor's degree,Permanent,IT & Systems,4.0,4,4,5.0,5.0,3,2.0,2.0,2.0,2.0,2.0,2.0,1,1.0,1.0,1.0
R349,Male,Under 30,More than 10 years,Honours,Contract,Service Delivery,4.0,3,3,4.0,4.0,3,2.0,2.0,2.0,2.0,2.0,1.0,1,1.0,1.0,1.0
R350,Female,30–39,Less than 2 years,Honours,Permanent,Human Resources,4.0,4,4,4.0,4.0,3,2.0,3.0,2.0,3.0,3.0,3.0,2,1.0,1.0,2.0
DUP_10,Male,30–39,More than 10 years,Master's degree,Permanent,Human Resources,4.0,3,4,3.0,3.0,3,3.0,3.0,3.0,4.0,3.0,3.0,2,1.0,1.0,1.0
DUP_65,Female,30–39,6–10 years,Honours,Permanent,Legal & Compliance,3.0,3,3,3.0,3.0,3,4.0,3.0,3.0,4.0,3.0,4.0,1,2.0,2.0,1.0
DUP_188,Female,30–39,Less than 2 years,Doctoral degree,Permanent,Human Resources,3.0,2,2,3.0,3.0,2,4.0,4.0,4.0,4.0,4.0,3.0,2,2.0,2.0,2.0
